{"Iteration": 18, "Epsilon": 0.918316468354365, "Average Reward": -3664.8419843627075, "Average Steps": 700.0, "_timestamp": 1720294442.4404933, "_runtime": 1160.5609014034271, "_step": 17}